,Cluster,RandomMean,p-value (one-sided >),significance
Sharpe,-0.06587725616944021,-0.02695565236510402,1.0,
Sortino,-0.07992910012610845,-0.03262274789615403,1.0,
CVaR,-0.03552271948498395,-0.030058156227065334,1.0,
