,Cluster,RandomMean,p-value (one-sided >),significance
Sharpe,0.01507303740968555,0.02320300570213793,1.0,
Sortino,0.018457103612487345,0.028468916083569627,1.0,
CVaR,-0.03938343570281526,-0.03474678667887655,1.0,
