,Cluster,RandomMean,p-value (one-sided >),significance
Sharpe,-0.0022148618468646993,-0.022944788480129933,2.9411874855962927e-06,***
Sortino,-0.002958176219854949,-0.03070157494935515,2.1952344981570545e-06,***
CVaR,-0.031536103358062256,-0.03421675355798399,2.2212108011959343e-09,***
