,Cluster,RandomMean,p-value (one-sided >),significance
Sharpe,-0.0003907425904687461,0.017724446798110305,1.0,
Sortino,-0.0005604360967846542,0.024357611107595142,1.0,
CVaR,-0.03765360228152221,-0.03787039896203855,0.2629717267120598,
