,Cluster,RandomMean,p-value (one-sided >),significance
Sharpe,-0.04407307914843745,-0.028723712324607163,1.0,
Sortino,-0.05119286634247086,-0.03416728719893327,1.0,
CVaR,-0.032018413129487014,-0.029555916502760692,1.0,
