,Cluster,RandomMean,p-value (one-sided >),significance
Sharpe,0.014078453882639747,0.022172858544990594,1.0,
Sortino,0.01710278767826469,0.026928595203234734,1.0,
CVaR,-0.03586068284606442,-0.03433613945588631,1.0,
