,Cluster,RandomMean,p-value (one-sided >),significance
Sharpe,0.006479235253146567,0.02062728196844613,1.0,
Sortino,0.008456845814563478,0.026185647898545623,1.0,
CVaR,-0.03530712543487495,-0.03555610250845338,0.10874782047163,
