,Cluster,RandomMean,p-value (one-sided >),significance
Sharpe,0.010777849598430892,-0.021637474503513325,1.0972761841531826e-18,***
Sortino,0.014295889667545351,-0.027723818806695312,2.316321926087631e-19,***
CVaR,-0.028259000350428894,-0.03098794004247317,5.472872065368774e-21,***
